{"cameraMode":{"drawMode":0,"name":"Shaded","section":"Shading Mode"},"sceneLighting":true,"audioPlay":false,"sceneViewState":{"showFog":true,"showMaterialUpdate":true,"showSkybox":true,"showFlares":true,"showImageEffects":true,"showParticleSystems":true},"in2DMode":false,"pivot":{"x":411.16510009765627,"y":165.63446044921876,"z":-10.122726440429688},"rotation":{"x":-0.036301594227552417,"y":-0.002401498379185796,"z":0.00008733228605706245,"w":-0.999339759349823},"size":207.1734161376953,"orthographic":false}