{"cameraMode":{"drawMode":0,"name":"Shaded","section":"Shading Mode"},"sceneLighting":true,"audioPlay":false,"sceneViewState":{"showFog":true,"showMaterialUpdate":true,"showSkybox":true,"showFlares":true,"showImageEffects":true,"showParticleSystems":true},"in2DMode":false,"pivot":{"x":233.64222717285157,"y":52.866111755371097,"z":-4.513679504394531},"rotation":{"x":-0.04378904402256012,"y":-0.017385534942150117,"z":0.0007622383418492973,"w":-0.9988909363746643},"size":83.36326599121094,"orthographic":false}